PID,Day,Type,Question,ThreatWord,NeutralWord,Probe,ThreatPosition,ProbePosition,ProbeSelected,Response,ResponseTime,created_at
RR10819,0,Q&A,"what is your name?",None,None,None,None,None,None,Rahul,None,1602249533961
RR10819,1,Words,None,mn,nm,F,top,top,F,Success,1.937,1602250006241
RR10819,1,Words,None,Attacks,Physics,E,top,top,E,Success,1.588,1602250006241
RR10819,1,Words,None,mn,nm,F,top,top,F,Success,2.169,1602250006241
RR10819,2,Q&A,"what is your plan for today??",None,None,None,None,None,None,nothing,None,1602255201406
RR10819,2,Q&A,"what is your plan for today??",None,None,None,None,None,None,nothing,None,1602255201406
RR10819,2,Words,None,JACKET,GOSPEL,E,top,top,E,Success,3.202,1602255201406
RR10819,2,Words,None,ELEVATE,ECLIPSE,E,top,top,E,Success,3.314,1602255201406
RR10819,2,Words,None,BERRY,CHALK,F,top,top,F,Success,3.229,1602255201406
RR10819,3,Words,None,ELEVATE,ECLIPSE,E,top,top,E,Success,1.716,1602256487232
RR10819,3,Words,None,JACKET,GOSPEL,E,top,top,E,Success,1.703,1602256487232
RR10819,3,Words,None,BERRY,CHALK,F,top,top,E,Failure,1.31,1602256487232
RR10819,4,Words,None,ELEVATE,ECLIPSE,E,top,top,E,Success,1.986,1602256651769
RR10819,4,Words,None,JACKET,GOSPEL,E,top,top,E,Success,1.887,1602256651769
RR10819,4,Words,None,BERRY,CHALK,F,top,top,F,Success,2.222,1602256651769
RR10819,5,Q&A,WORKING,None,None,None,None,None,None,Yes,None,1602256802856
RR10819,5,Words,None,ELEVATE,ECLIPSE,E,top,top,E,Success,1.567,1602256802856
RR10819,5,Words,None,JACKET,GOSPEL,E,top,top,E,Success,1.505,1602256802856
RR10819,5,Words,None,BERRY,CHALK,F,top,top,F,Success,1.63,1602256802856
