PID,Day,Type,Question,ThreatWord,NeutralWord,Probe,ThreatPosition,ProbePosition,ProbeSelected,Response,ResponseTime,created_at
RR14160,0,Q&A,"what is your name?",None,None,None,None,None,None,Vishal,None,1602496883336
RR14160,2,Q&A,"what is your plan for today??",None,None,None,None,None,None,nothing,None,1602497173222
RR14160,2,Q&A,"what is your plan for today??",None,None,None,None,None,None,nothing,None,1602497173222
RR14160,2,Q&A,"what is your plan for today??",None,None,None,None,None,None,nothing,None,1602497173222
RR14160,2,Q&A,"what is your plan for today??",None,None,None,None,None,None,nothing,None,1602497173222
