PID,Day,Type,Question,ThreatWord,NeutralWord,Probe,ThreatPosition,ProbePosition,ProbeSelected,Response,ResponseTime,created_at
RR77311,0,Q&A,"??????? u know",None,None,None,None,None,None,No,None,1602764403539
RR77311,1,Words,None,get,out,F,bottom,top,F,Success,2.252,1602764450388
RR77311,1,Words,None,get,out,E,top,bottom,E,Success,1.988,1602764450388
RR77311,1,Words,None,get,out,E,bottom,top,E,Success,2.059,1602764450388
RR77311,1,Words,None,get,out,E,top,bottom,F,Failure,2.105,1602764450388
RR77311,1,Words,None,get,out,E,bottom,top,E,Success,1.977,1602764450388
RR77311,1,Words,None,get,out,E,top,bottom,E,Success,2.418,1602764450388
RR77311,1,Words,None,get,out,E,bottom,top,E,Success,1.96,1602764450388
RR77311,1,Words,None,get,out,F,top,bottom,F,Success,2.132,1602764450388
RR77311,1,Words,None,get,out,E,bottom,top,E,Success,1.887,1602764450388
RR77311,1,Words,None,get,out,F,bottom,top,F,Success,1.945,1602764450388
