PID,Day,Type,Question,ThreatWord,NeutralWord,Probe,ThreatPosition,ProbePosition,ProbeSelected,Response,ResponseTime,created_at
RR17697,0,Q&A,"what is your name?",None,None,None,None,None,None,Rupal,None,1602483912695
RR17697,0,Q&A,"what is your name?",None,None,None,None,None,None,Rupal,None,1602483912695
RR17697,0,Q&A,"what is your name?",None,None,None,None,None,None,Rupal,None,1602483912695
RR17697,0,Q&A,"what is your name?",None,None,None,None,None,None,Rupal,None,1602483912695
RR17697,0,Q&A,"what is your name?",None,None,None,None,None,None,Rupal,None,1602483912695
RR17697,0,Q&A,"what is your name?",None,None,None,None,None,None,Rupal,None,1602483912695
RR17697,0,Q&A,"what is your name?",None,None,None,None,None,None,Rupal,None,1602483912695
RR17697,0,Q&A,"what is your name?",None,None,None,None,None,None,Rupal,None,1602483912695
RR17697,0,Q&A,"what is your name?",None,None,None,None,None,None,Rupal,None,1602483912695
RR17697,0,Q&A,"what is your name?",None,None,None,None,None,None,Rupal,None,1602483912695
