PID,Day,Type,Question,ThreatWord,NeutralWord,Probe,ThreatPosition,ProbePosition,ProbeSelected,Response,ResponseTime,created_at
RR56413,0,Q&A,"??????? u know",None,None,None,None,None,None,What???,None,1602835792137
RR56413,1,Words,None,get,out,F,top,bottom,F,Success,2.28,1602835890041
RR56413,1,Words,None,Attacks,Physics,F,bottom,top,F,Success,2.133,1602835890041
RR56413,1,Words,None,Evil,Love,E,bottom,top,E,Success,1.991,1602835890041
RR56413,1,Words,None,get,out,F,bottom,top,F,Success,2.294,1602835890041
RR56413,1,Words,None,Devil,Heaven,E,top,bottom,E,Success,2.278,1602835890041
RR56413,1,Words,None,get,out,F,top,bottom,F,Success,2.194,1602835890041
RR56413,1,Words,None,Wound,Dried,E,top,bottom,E,Success,2.206,1602835890041
RR56413,1,Words,None,get,out,F,top,bottom,F,Success,2.079,1602835890041
RR56413,1,Words,None,Attacks,Physics,F,bottom,top,F,Success,2.036,1602835890041
RR56413,1,Words,None,Wound,Dried,F,bottom,top,F,Success,2.613,1602835890041
