PID,Day,Type,Question,ThreatWord,NeutralWord,Probe,ThreatPosition,ProbePosition,ProbeSelected,Response,ResponseTime,created_at
RR77812,0,Q&A,"what is your name?",None,None,None,None,None,None,RIFHT,None,1602741965176
RR77812,0,Q&A,"what is your name?",None,None,None,None,None,None,RIFHT,None,1602741965176
RR77812,0,Q&A,"what is your name?",None,None,None,None,None,None,RIFHT,None,1602741965176
RR77812,0,Q&A,"what is your name?",None,None,None,None,None,None,RIFHT,None,1602741965176
RR77812,2,Q&A,"what is your plan for today??",None,None,None,None,None,None,nothing,None,1602742173563
RR77812,2,Q&A,"what is your plan for today??",None,None,None,None,None,None,nothing,None,1602742173563
RR77812,2,Q&A,"what is your plan for today??",None,None,None,None,None,None,nothing,None,1602742173563
RR77812,2,Q&A,"what is your plan for today??",None,None,None,None,None,None,nothing,None,1602742173563
RR77812,2,Q&A,"what is your plan for today??",None,None,None,None,None,None,nothing,None,1602742173563
RR77812,2,Q&A,"what is your plan for today??",None,None,None,None,None,None,nothing,None,1602742173563
RR77812,2,Q&A,"what is your plan for today??",None,None,None,None,None,None,nothing,None,1602742173563
RR77812,2,Q&A,"what is your plan for today??",None,None,None,None,None,None,nothing,None,1602742173563
RR77812,5,Q&A,WORKING,None,None,None,None,None,None,Yes,None,1602744392612
RR77812,5,Q&A,WORKING,None,None,None,None,None,None,Yes,None,1602744392612
RR77812,5,Q&A,WORKING,None,None,None,None,None,None,Yes,None,1602744392612
RR77812,5,Q&A,WORKING,None,None,None,None,None,None,Yes,None,1602744392612
RR77812,5,Q&A,WORKING,None,None,None,None,None,None,Yes,None,1602744392612
RR77812,5,Q&A,WORKING,None,None,None,None,None,None,Yes,None,1602744392612
RR77812,5,Q&A,WORKING,None,None,None,None,None,None,Yes,None,1602744392612
RR77812,5,Q&A,WORKING,None,None,None,None,None,None,Yes,None,1602744392612
RR77812,5,Q&A,WORKING,None,None,None,None,None,None,Yes,None,1602744392612
RR77812,5,Q&A,WORKING,None,None,None,None,None,None,Yes,None,1602744392612
