PID,Day,Type,Question,ThreatWord,NeutralWord,Probe,ThreatPosition,ProbePosition,ProbeSelected,Response,ResponseTime,created_at
RR23111,0,Q&A,"Are trees green?",None,None,None,None,None,None,yes,None,"17-10-2020  05:57:54"
RR23111,0,Q&A,"Is the sky blue?",None,None,None,None,None,None,yes,None,"17-10-2020  05:57:54"
RR23111,1,Words,None,,,E,top,bottom,E,Success,3.21,"17-10-2020  09:23:24"
RR23111,1,Words,None,,,E,top,bottom,E,Success,3.408,"17-10-2020  09:23:24"
RR23111,1,Words,None,,,F,bottom,top,F,Success,3.16,"17-10-2020  09:23:24"
RR23111,1,Words,None,,,E,top,bottom,E,Success,3.473,"17-10-2020  09:23:24"
RR23111,1,Words,None,,,F,top,bottom,F,Success,3.05,"17-10-2020  09:23:24"
RR23111,1,Words,None,,,F,top,bottom,F,Success,3.017,"17-10-2020  09:23:24"
RR23111,1,Words,None,,,F,top,bottom,F,Success,3.088,"17-10-2020  09:23:24"
RR23111,1,Words,None,,,E,bottom,top,E,Success,3.532,"17-10-2020  09:23:24"
RR23111,1,Words,None,,,F,bottom,top,F,Success,3.975,"17-10-2020  09:23:24"
RR23111,1,Words,None,,,F,bottom,top,F,Success,3.11,"17-10-2020  09:23:24"
RR23111,1,Words,None,,,E,bottom,top,E,Success,2.973,"17-10-2020  09:23:24"
RR23111,1,Words,None,,,E,top,bottom,E,Success,3.165,"17-10-2020  09:23:24"
RR23111,1,Words,None,,,F,top,bottom,E,Failure,3.395,"17-10-2020  09:23:24"
RR23111,1,Words,None,,,F,top,bottom,F,Success,3.775,"17-10-2020  09:23:24"
RR23111,1,Words,None,,,E,bottom,top,E,Success,3.342,"17-10-2020  09:23:24"
RR23111,1,Words,None,,,F,bottom,top,F,Success,3.149,"17-10-2020  09:23:24"
RR23111,1,Words,None,,,F,top,bottom,F,Success,3.263,"17-10-2020  09:23:24"
RR23111,1,Words,None,,,E,bottom,top,E,Success,3.672,"17-10-2020  09:23:24"
RR23111,1,Words,None,,,F,bottom,top,F,Success,3.155,"17-10-2020  09:23:24"
RR23111,1,Words,None,,,E,bottom,top,E,Success,3.15,"17-10-2020  09:23:24"
RR23111,1,Words,None,,,E,top,bottom,E,Success,3.382,"17-10-2020  09:23:24"
RR23111,1,Words,None,,,F,top,bottom,F,Success,3.405,"17-10-2020  09:23:24"
RR23111,1,Words,None,,,F,bottom,top,E,Failure,3.785,"17-10-2020  09:23:24"
RR23111,1,Words,None,,,E,top,bottom,E,Success,3.399,"17-10-2020  09:23:24"
RR23111,1,Words,None,,,E,bottom,top,E,Success,6.123,"17-10-2020  09:23:24"
RR23111,1,Words,None,,,F,top,bottom,F,Success,3.122,"17-10-2020  09:23:24"
RR23111,1,Words,None,,,E,bottom,top,E,Success,3.26,"17-10-2020  09:23:24"
RR23111,1,Words,None,,,E,top,bottom,E,Success,3.476,"17-10-2020  09:23:24"
RR23111,1,Words,None,,,E,top,bottom,E,Success,6.219,"17-10-2020  09:23:24"
RR23111,1,Words,None,,,E,bottom,top,E,Success,3.259,"17-10-2020  09:23:24"
RR23111,1,Words,None,,,E,bottom,top,E,Success,4.296,"17-10-2020  09:23:24"
RR23111,1,Words,None,,,F,top,bottom,F,Success,3.438,"17-10-2020  09:23:24"
RR23111,1,Words,None,,,E,bottom,top,E,Success,3.25,"17-10-2020  09:23:24"
RR23111,1,Words,None,,,F,bottom,top,F,Success,3.164,"17-10-2020  09:23:24"
RR23111,1,Words,None,,,F,bottom,top,F,Success,3.119,"17-10-2020  09:23:24"
RR23111,1,Words,None,,,F,bottom,top,F,Success,2.936,"17-10-2020  09:23:24"
RR23111,1,Words,None,,,F,top,bottom,F,Success,3.091,"17-10-2020  09:23:24"
RR23111,1,Words,None,,,E,bottom,top,E,Success,3.102,"17-10-2020  09:23:24"
RR23111,1,Words,None,,,F,bottom,top,F,Success,3.21,"17-10-2020  09:23:24"
RR23111,1,Words,None,,,F,top,bottom,F,Success,3.361,"17-10-2020  09:23:24"
RR23111,1,Words,None,,,E,bottom,top,E,Success,3.43,"17-10-2020  09:23:24"
RR23111,1,Words,None,,,E,bottom,top,E,Success,3.808,"17-10-2020  09:23:24"
RR23111,1,Words,None,,,E,top,bottom,E,Success,3.174,"17-10-2020  09:23:24"
RR23111,1,Words,None,,,F,bottom,top,F,Success,3.484,"17-10-2020  09:23:24"
RR23111,1,Words,None,,,F,bottom,top,F,Success,3.682,"17-10-2020  09:23:24"
RR23111,1,Words,None,,,F,top,bottom,F,Success,3.208,"17-10-2020  09:23:24"
RR23111,1,Words,None,,,F,bottom,top,F,Success,3.3,"17-10-2020  09:23:24"
RR23111,1,Words,None,,,E,top,bottom,E,Success,3.155,"17-10-2020  09:23:24"
RR23111,1,Words,None,,,E,top,bottom,E,Success,3.116,"17-10-2020  09:23:24"
RR23111,1,Words,None,,,F,bottom,top,F,Success,3.405,"17-10-2020  09:23:24"
RR23111,1,Words,None,,,F,top,bottom,F,Success,3.557,"17-10-2020  09:23:24"
RR23111,1,Words,None,,,E,bottom,top,E,Success,3.224,"17-10-2020  09:23:24"
RR23111,1,Words,None,,,F,top,bottom,F,Success,3.158,"17-10-2020  09:23:24"
RR23111,1,Words,None,,,F,top,bottom,F,Success,3.277,"17-10-2020  09:23:24"
RR23111,1,Words,None,,,F,bottom,top,F,Success,3.327,"17-10-2020  09:23:24"
RR23111,1,Words,None,,,F,bottom,top,F,Success,2.974,"17-10-2020  09:23:24"
RR23111,1,Words,None,,,F,top,bottom,F,Success,3.421,"17-10-2020  09:23:24"
RR23111,1,Words,None,,,E,top,bottom,E,Success,3.201,"17-10-2020  09:23:24"
RR23111,1,Words,None,,,E,bottom,top,F,Failure,3.234,"17-10-2020  09:23:24"
RR23111,1,Words,None,,,E,top,bottom,F,Failure,3.138,"17-10-2020  09:23:24"
RR23111,1,Words,None,,,F,bottom,top,F,Success,2.602,"17-10-2020  09:23:24"
RR23111,1,Words,None,,,E,bottom,top,F,Failure,3.007,"17-10-2020  09:23:24"
RR23111,1,Words,None,,,F,top,bottom,F,Success,2.991,"17-10-2020  09:23:24"
RR23111,1,Words,None,,,E,top,bottom,F,Failure,2.943,"17-10-2020  09:23:24"
RR23111,1,Words,None,,,E,top,bottom,E,Success,3.254,"17-10-2020  09:23:24"
RR23111,1,Words,None,,,F,top,bottom,F,Success,3.25,"17-10-2020  09:23:24"
RR23111,1,Words,None,,,F,bottom,top,F,Success,3.174,"17-10-2020  09:23:24"
RR23111,1,Words,None,,,E,top,bottom,E,Success,3.185,"17-10-2020  09:23:24"
RR23111,1,Words,None,,,F,top,bottom,F,Success,3.176,"17-10-2020  09:23:24"
RR23111,1,Words,None,,,E,top,bottom,E,Success,3.208,"17-10-2020  09:23:24"
RR23111,2,Words,None,,,E,bottom,top,E,Success,3.452,"17-10-2020  09:31:03"
RR23111,2,Words,None,,,E,bottom,top,E,Success,3.503,"17-10-2020  09:31:03"
RR23111,2,Words,None,,,E,bottom,top,E,Success,2.999,"17-10-2020  09:31:03"
RR23111,2,Words,None,,,F,top,bottom,F,Success,2.966,"17-10-2020  09:31:03"
RR23111,2,Words,None,,,E,bottom,top,E,Success,3.427,"17-10-2020  09:31:03"
RR23111,2,Words,None,,,F,top,bottom,F,Success,2.959,"17-10-2020  09:31:03"
RR23111,2,Words,None,,,E,top,bottom,E,Success,3.756,"17-10-2020  09:31:03"
RR23111,2,Words,None,,,E,bottom,top,E,Success,3.432,"17-10-2020  09:31:03"
RR23111,2,Words,None,,,E,top,bottom,E,Success,3.418,"17-10-2020  09:31:03"
RR23111,2,Words,None,,,E,top,bottom,E,Success,3.763,"17-10-2020  09:31:03"
RR23111,2,Words,None,,,F,bottom,top,F,Success,3.247,"17-10-2020  09:31:03"
RR23111,2,Words,None,,,E,top,bottom,E,Success,3.544,"17-10-2020  09:31:03"
RR23111,2,Words,None,,,F,bottom,top,F,Success,21.594,"17-10-2020  09:31:03"
RR23111,2,Words,None,,,E,bottom,top,E,Success,3.569,"17-10-2020  09:31:03"
RR23111,2,Words,None,,,F,top,bottom,F,Success,3.201,"17-10-2020  09:31:03"
RR23111,2,Words,None,,,E,top,bottom,E,Success,3.56,"17-10-2020  09:31:03"
RR23111,2,Words,None,,,E,top,bottom,E,Success,3.27,"17-10-2020  09:31:03"
RR23111,2,Words,None,,,F,top,bottom,F,Success,3.43,"17-10-2020  09:31:03"
RR23111,2,Words,None,,,E,top,bottom,E,Success,3.369,"17-10-2020  09:31:03"
RR23111,2,Words,None,,,F,top,bottom,F,Success,3.583,"17-10-2020  09:31:03"
RR23111,2,Words,None,,,F,bottom,top,F,Success,3.132,"17-10-2020  09:31:03"
RR23111,2,Words,None,,,E,bottom,top,E,Success,3.357,"17-10-2020  09:31:03"
RR23111,2,Words,None,,,F,top,bottom,F,Success,3.443,"17-10-2020  09:31:03"
RR23111,2,Words,None,,,E,bottom,top,E,Success,3.623,"17-10-2020  09:31:03"
RR23111,2,Words,None,,,F,bottom,top,F,Success,4.838,"17-10-2020  09:31:03"
RR23111,2,Words,None,,,F,top,bottom,F,Success,4.796,"17-10-2020  09:31:03"
RR23111,2,Words,None,,,F,bottom,top,F,Success,4.455,"17-10-2020  09:31:03"
RR23111,2,Words,None,,,F,top,bottom,F,Success,3.337,"17-10-2020  09:31:03"
RR23111,2,Words,None,,,E,top,bottom,E,Success,3.506,"17-10-2020  09:31:03"
RR23111,2,Words,None,,,F,top,bottom,F,Success,3.25,"17-10-2020  09:31:03"
RR23111,2,Words,None,,,E,bottom,top,E,Success,3.53,"17-10-2020  09:31:03"
RR23111,2,Words,None,,,F,bottom,top,F,Success,3.19,"17-10-2020  09:31:03"
RR23111,2,Words,None,,,E,top,bottom,E,Success,3.433,"17-10-2020  09:31:03"
RR23111,2,Words,None,,,E,bottom,top,E,Success,3.769,"17-10-2020  09:31:03"
RR23111,2,Words,None,,,E,bottom,top,F,Failure,4.168,"17-10-2020  09:31:03"
RR23111,2,Words,None,,,E,top,bottom,E,Success,3.34,"17-10-2020  09:31:03"
RR23111,2,Words,None,,,F,top,bottom,F,Success,3.232,"17-10-2020  09:31:03"
RR23111,2,Words,None,,,F,top,bottom,F,Success,3.236,"17-10-2020  09:31:03"
RR23111,2,Words,None,,,F,top,bottom,F,Success,3.179,"17-10-2020  09:31:03"
RR23111,2,Words,None,,,E,top,bottom,E,Success,3.232,"17-10-2020  09:31:03"
RR23111,2,Words,None,,,E,top,bottom,E,Success,3.382,"17-10-2020  09:31:03"
RR23111,2,Words,None,,,E,top,bottom,E,Success,3.445,"17-10-2020  09:31:03"
RR23111,2,Words,None,,,E,top,bottom,E,Success,5.456,"17-10-2020  09:31:03"
RR23111,2,Words,None,,,E,bottom,top,E,Success,4.337,"17-10-2020  09:31:03"
RR23111,2,Words,None,,,F,top,bottom,F,Success,3.224,"17-10-2020  09:31:03"
RR23111,2,Words,None,,,E,bottom,top,E,Success,3.526,"17-10-2020  09:31:03"
RR23111,2,Words,None,,,E,top,bottom,E,Success,3.875,"17-10-2020  09:31:03"
RR23111,2,Words,None,,,F,bottom,top,F,Success,4.485,"17-10-2020  09:31:03"
RR23111,2,Words,None,,,F,bottom,top,F,Success,3.483,"17-10-2020  09:31:03"
RR23111,2,Words,None,,,E,bottom,top,F,Failure,3.469,"17-10-2020  09:31:03"
RR23111,2,Words,None,,,F,top,bottom,F,Success,3.505,"17-10-2020  09:31:03"
RR23111,2,Words,None,,,E,bottom,top,E,Success,3.407,"17-10-2020  09:31:03"
RR23111,2,Words,None,,,E,bottom,top,F,Failure,3.424,"17-10-2020  09:31:03"
RR23111,2,Words,None,,,F,top,bottom,F,Success,3.128,"17-10-2020  09:31:03"
RR23111,2,Words,None,,,E,bottom,top,E,Success,3.151,"17-10-2020  09:31:03"
RR23111,2,Words,None,,,E,top,bottom,E,Success,3.747,"17-10-2020  09:31:03"
RR23111,2,Words,None,,,E,top,bottom,E,Success,3.298,"17-10-2020  09:31:03"
RR23111,2,Words,None,,,F,top,bottom,F,Success,3.765,"17-10-2020  09:31:03"
RR23111,2,Words,None,,,F,top,bottom,F,Success,3.211,"17-10-2020  09:31:03"
RR23111,2,Words,None,,,F,top,bottom,F,Success,3.769,"17-10-2020  09:31:03"
RR23111,2,Words,None,,,F,top,bottom,F,Success,3.8,"17-10-2020  09:31:03"
RR23111,2,Words,None,,,E,bottom,top,E,Success,3.299,"17-10-2020  09:31:03"
RR23111,2,Words,None,,,F,top,bottom,F,Success,3.209,"17-10-2020  09:31:03"
RR23111,2,Words,None,,,F,top,bottom,F,Success,3.31,"17-10-2020  09:31:03"
RR23111,2,Words,None,,,E,top,bottom,E,Success,4.165,"17-10-2020  09:31:03"
RR23111,2,Words,None,,,F,top,bottom,F,Success,3.07,"17-10-2020  09:31:03"
RR23111,2,Words,None,,,F,top,bottom,F,Success,3.506,"17-10-2020  09:31:03"
RR23111,2,Words,None,,,F,bottom,top,F,Success,5.104,"17-10-2020  09:31:03"
RR23111,2,Words,None,,,F,top,bottom,F,Success,3.101,"17-10-2020  09:31:03"
RR23111,2,Words,None,,,F,bottom,top,F,Success,3.206,"17-10-2020  09:31:03"
