PID,Day,Type,Question,ThreatStimuli,NeutralStimuli,Probe,ThreatPosition,ProbePosition,ProbeSelected,Response,ResponseTime,created_at
RR44777,0,Q&A,"what is your name?",None,None,None,None,None,None,Rupal,None,"20-10-2020  15:58:47"
RR44777,1,Q&A,"How are you feeling?",None,None,None,None,None,None,4,None,"20-10-2020  16:03:19"
RR44777,1,Q&A,"How are you feeling?",None,None,None,None,None,None,4,None,"20-10-2020  16:03:19"
RR44777,1,Faces,None,410f5c84c57332a60721e6a84d9357ec.png,2d259cc71a2d66dce77f9357fb5a7898.jpg,E,bottom,top,E,Success,5.451,"20-10-2020  16:03:19"
RR44777,1,Faces,None,410f5c84c57332a60721e6a84d9357ec.png,2d259cc71a2d66dce77f9357fb5a7898.jpg,F,bottom,top,F,Success,2.05,"20-10-2020  16:03:19"
RR44777,1,Faces,None,410f5c84c57332a60721e6a84d9357ec.png,2d259cc71a2d66dce77f9357fb5a7898.jpg,E,top,bottom,E,Success,1.886,"20-10-2020  16:03:19"
RR44777,2,Q&A,"what is your plan for today??",None,None,None,None,None,None,nothing,None,"20-10-2020  16:25:13"
RR44777,2,Q&A,"where do you live??",None,None,None,None,None,None,Hhj,None,"20-10-2020  16:25:13"
RR44777,2,Faces,None,410f5c84c57332a60721e6a84d9357ec.png,2d259cc71a2d66dce77f9357fb5a7898.jpg,E,bottom,top,F,Failure,9.354,"20-10-2020  16:25:13"
RR44777,2,Faces,None,338e2fa28a56fe7b95370dfa86197306.jpg,9bcfb627d877702813d45585504ec3c0.jpg,F,top,bottom,E,Failure,2.386,"20-10-2020  16:25:13"
RR44777,2,Faces,None,2eddf72d397ab7e0564fc6530b0d9f9a.jpg,247bbc83af428b0392492b8b5712ddb9.jpg,F,bottom,top,F,Success,2.163,"20-10-2020  16:25:13"
