PID,Day,Type,Question,ThreatWord,NeutralWord,Probe,ThreatPosition,ProbePosition,ProbeSelected,Response,ResponseTime,created_at
RR19132,0,Q&A,working,None,None,None,None,None,None,Yes,None,1602258475364
RR19132,0,Q&A,working,None,None,None,None,None,None,Yes,None,1602258475364
RR19132,0,Q&A,working,None,None,None,None,None,None,Yes,None,1602258475364
RR19132,0,Q&A,working,None,None,None,None,None,None,Yes,None,1602258475364
RR19132,0,Q&A,working,None,None,None,None,None,None,Yes,None,1602258475364
RR19132,0,Q&A,working,None,None,None,None,None,None,Yes,None,1602258475364
RR19132,0,Q&A,working,None,None,None,None,None,None,Yes,None,1602258475364
RR19132,0,Q&A,working,None,None,None,None,None,None,Yes,None,1602258475364
