PID,Day,Type,Question,ThreatWord,NeutralWord,Probe,ThreatPosition,ProbePosition,ProbeSelected,Response,ResponseTime,created_at
RR75017,0,Q&A,"??????? u know",None,None,None,None,None,None,What,None,1602759222636
RR75017,1,Words,None,get,out,E,top,bottom,E,Success,2.72,1602760406732
RR75017,1,Words,None,get,out,F,top,bottom,F,Success,7.152,1602760406732
RR75017,1,Words,None,get,out,E,bottom,top,E,Success,2.644,1602760406732
RR75017,1,Words,None,get,out,E,top,bottom,E,Success,5.84,1602760406732
RR75017,1,Words,None,get,out,F,bottom,top,F,Success,3.035,1602760406732
RR75017,1,Words,None,get,out,E,top,bottom,E,Success,3.315,1602760406732
RR75017,1,Words,None,get,out,F,top,bottom,F,Success,2.474,1602760406732
RR75017,1,Words,None,get,out,E,bottom,top,E,Success,2.662,1602760406732
RR75017,1,Words,None,get,out,F,bottom,top,F,Success,4.396,1602760406732
RR75017,1,Words,None,get,out,E,bottom,top,E,Success,6.442,1602760406732
