PID,Day,Type,Question,ThreatStimuli,NeutralStimuli,Probe,ThreatPosition,ProbePosition,ProbeSelected,Response,ResponseTime,created_at
RR01143,0,Q&A,"what is your name?",None,None,None,None,None,None,John,None,"09-10-2020  16:37:30"
RR01143,0,Q&A,"what is your name?",None,None,None,None,None,None,John,None,"09-10-2020  16:37:30"
RR01143,0,Q&A,"what is your name?",None,None,None,None,None,None,John,None,"09-10-2020  16:37:30"
RR01143,0,Q&A,"what is your name?",None,None,None,None,None,None,John,None,"09-10-2020  16:37:30"
