PID,Day,Type,Question,ThreatStimuli,NeutralStimuli,Probe,ThreatPosition,ProbePosition,ProbeSelected,Response,ResponseTime,created_at
RR17697,0,Q&A,"what is your name?",None,None,None,None,None,None,Rupal,None,"12-10-2020  06:25:12"
RR17697,0,Q&A,"what is your name?",None,None,None,None,None,None,Rupal,None,"12-10-2020  06:25:12"
RR17697,0,Q&A,"what is your name?",None,None,None,None,None,None,Rupal,None,"12-10-2020  06:25:12"
RR17697,0,Q&A,"what is your name?",None,None,None,None,None,None,Rupal,None,"12-10-2020  06:25:12"
RR17697,0,Q&A,"what is your name?",None,None,None,None,None,None,Rupal,None,"12-10-2020  06:25:12"
RR17697,0,Q&A,"what is your name?",None,None,None,None,None,None,Rupal,None,"12-10-2020  06:25:12"
RR17697,0,Q&A,"what is your name?",None,None,None,None,None,None,Rupal,None,"12-10-2020  06:25:12"
RR17697,0,Q&A,"what is your name?",None,None,None,None,None,None,Rupal,None,"12-10-2020  06:25:12"
RR17697,0,Q&A,"what is your name?",None,None,None,None,None,None,Rupal,None,"12-10-2020  06:25:12"
RR17697,0,Q&A,"what is your name?",None,None,None,None,None,None,Rupal,None,"12-10-2020  06:25:12"
