PID,Day,Type,Question,ThreatStimuli,NeutralStimuli,Probe,ThreatPosition,ProbePosition,ProbeSelected,Response,ResponseTime,created_at
RR19132,0,Q&A,working,None,None,None,None,None,None,Yes,None,"09-10-2020  15:47:55"
RR19132,0,Q&A,working,None,None,None,None,None,None,Yes,None,"09-10-2020  15:47:55"
RR19132,0,Q&A,working,None,None,None,None,None,None,Yes,None,"09-10-2020  15:47:55"
RR19132,0,Q&A,working,None,None,None,None,None,None,Yes,None,"09-10-2020  15:47:55"
RR19132,0,Q&A,working,None,None,None,None,None,None,Yes,None,"09-10-2020  15:47:55"
RR19132,0,Q&A,working,None,None,None,None,None,None,Yes,None,"09-10-2020  15:47:55"
RR19132,0,Q&A,working,None,None,None,None,None,None,Yes,None,"09-10-2020  15:47:55"
RR19132,0,Q&A,working,None,None,None,None,None,None,Yes,None,"09-10-2020  15:47:55"
