PID,Day,Type,Question,ThreatStimuli,NeutralStimuli,Probe,ThreatPosition,ProbePosition,ProbeSelected,Response,ResponseTime,created_at
RR56413,0,Q&A,"??????? u know",None,None,None,None,None,None,What???,None,"16-10-2020  08:09:52"
RR56413,0,Q&A,"??????? u know",None,None,None,None,None,None,What???,None,"16-10-2020  08:09:52"
RR56413,0,Q&A,"??????? u know",None,None,None,None,None,None,What???,None,"16-10-2020  08:09:52"
RR56413,0,Q&A,"??????? u know",None,None,None,None,None,None,What???,None,"16-10-2020  08:09:52"
RR56413,0,Q&A,"??????? u know",None,None,None,None,None,None,What???,None,"16-10-2020  08:09:52"
RR56413,0,Q&A,"??????? u know",None,None,None,None,None,None,What???,None,"16-10-2020  08:09:52"
RR56413,0,Q&A,"??????? u know",None,None,None,None,None,None,What???,None,"16-10-2020  08:09:52"
RR56413,0,Q&A,"??????? u know",None,None,None,None,None,None,What???,None,"16-10-2020  08:09:52"
RR56413,0,Q&A,"??????? u know",None,None,None,None,None,None,What???,None,"16-10-2020  08:09:52"
RR56413,0,Q&A,"??????? u know",None,None,None,None,None,None,What???,None,"16-10-2020  08:09:52"
RR56413,0,Q&A,"??????? u know",None,None,None,None,None,None,What???,None,"16-10-2020  08:09:52"
