PID,Day,Type,Question,ThreatStimuli,NeutralStimuli,Probe,ThreatPosition,ProbePosition,ProbeSelected,Response,ResponseTime,created_at
RR75017,0,Q&A,"??????? u know",None,None,None,None,None,None,What,None,"15-10-2020  10:53:42"
RR75017,0,Q&A,"??????? u know",None,None,None,None,None,None,What,None,"15-10-2020  10:53:42"
RR75017,0,Q&A,"??????? u know",None,None,None,None,None,None,What,None,"15-10-2020  10:53:42"
RR75017,0,Q&A,"??????? u know",None,None,None,None,None,None,What,None,"15-10-2020  10:53:42"
RR75017,0,Q&A,"??????? u know",None,None,None,None,None,None,What,None,"15-10-2020  10:53:42"
RR75017,0,Q&A,"??????? u know",None,None,None,None,None,None,What,None,"15-10-2020  10:53:42"
RR75017,0,Q&A,"??????? u know",None,None,None,None,None,None,What,None,"15-10-2020  10:53:42"
RR75017,0,Q&A,"??????? u know",None,None,None,None,None,None,What,None,"15-10-2020  10:53:42"
RR75017,0,Q&A,"??????? u know",None,None,None,None,None,None,What,None,"15-10-2020  10:53:42"
RR75017,0,Q&A,"??????? u know",None,None,None,None,None,None,What,None,"15-10-2020  10:53:42"
RR75017,0,Q&A,"??????? u know",None,None,None,None,None,None,What,None,"15-10-2020  10:53:42"
