PID,Day,Type,Question,ThreatStimuli,NeutralStimuli,Probe,ThreatPosition,ProbePosition,ProbeSelected,Response,ResponseTime,created_at
RR83603,0,Q&A,"what is your name?",None,None,None,None,None,None,Yes,None,"20-10-2020  07:37:27"
RR83603,1,Q&A,"How are you feeling?",None,None,None,None,None,None,3,None,"20-10-2020  07:37:49"
RR83603,2,Q&A,"what is your plan for today??",None,None,None,None,None,None,nothing,None,"20-10-2020  10:31:45"
RR83603,2,Q&A,"where do you live??",None,None,None,None,None,None,Chennai,None,"20-10-2020  10:31:45"
RR83603,2,Q&A,"what is your plan for today??",None,None,None,None,None,None,nothing,None,"20-10-2020  10:31:45"
RR83603,2,Q&A,"where do you live??",None,None,None,None,None,None,Chennai,None,"20-10-2020  10:31:45"
