PID,Day,Type,Question,ThreatStimuli,NeutralStimuli,Probe,ThreatPosition,ProbePosition,ProbeSelected,Response,ResponseTime,created_at
RR89218,1,Q&A,vbvbv,None,None,None,None,None,None,jhj,None,"20-10-2020  14:57:25"
RR89218,1,Q&A,vbvbv,None,None,None,None,None,None,jhj,None,"20-10-2020  14:57:25"
RR89218,1,Q&A,vbnvnbvn,None,None,None,None,None,None,Ydufig,None,"20-10-2020  14:57:25"
RR89218,1,Words,None,anger1,peace,E,top,bottom,F,Failure,5.444,"20-10-2020  14:57:25"
RR89218,1,Q&A,vbvbv,None,None,None,None,None,None,jhj,None,"20-10-2020  14:57:25"
RR89218,1,Q&A,vbvbv,None,None,None,None,None,None,jhj,None,"20-10-2020  14:57:25"
RR89218,1,Q&A,vbnvnbvn,None,None,None,None,None,None,Rfhjj,None,"20-10-2020  14:57:25"
RR89218,1,Words,None,Shot,Cars,F,bottom,top,F,Success,1.984,"20-10-2020  14:57:25"
RR89218,1,Words,None,Shot,Cars,E,bottom,top,E,Success,2.133,"20-10-2020  14:57:25"
RR89218,1,Words,None,Shot,Cars,F,top,bottom,F,Success,1.816,"20-10-2020  14:57:25"
RR89218,1,Words,None,Shot,Cars,E,bottom,top,E,Success,1.771,"20-10-2020  14:57:25"
RR89218,1,Words,None,Shot,Cars,F,bottom,top,F,Success,1.78,"20-10-2020  14:57:25"
RR89218,2,Q&A,nbvnbvnbvnb,None,None,None,None,None,None,nbvbn,None,"20-10-2020  14:58:23"
RR89218,2,Q&A,yyyy,None,None,None,None,None,None,uyuyuy,None,"20-10-2020  14:58:23"
RR89218,2,Q&A,check,None,None,None,None,None,None,xcv,None,"20-10-2020  14:58:23"
RR89218,2,Q&A,vnbvnv,None,None,None,None,None,None,cnvbn,None,"20-10-2020  14:58:23"
RR89218,2,Q&A,"test ques",None,None,None,None,None,None,nvbnv,None,"20-10-2020  14:58:23"
RR89218,2,Q&A,yyyy,None,None,None,None,None,None,uyuyuy,None,"20-10-2020  14:58:23"
RR89218,2,Words,None,anger1,peace,E,top,bottom,E,Success,2.865,"20-10-2020  14:58:23"
RR89218,2,Q&A,nbvnbvnbvnb,None,None,None,None,None,None,nbvbn,None,"20-10-2020  14:58:23"
RR89218,2,Q&A,yyyy,None,None,None,None,None,None,uyuyuy,None,"20-10-2020  14:58:23"
RR89218,2,Q&A,check,None,None,None,None,None,None,xcv,None,"20-10-2020  14:58:23"
RR89218,2,Q&A,vnbvnv,None,None,None,None,None,None,cnvbn,None,"20-10-2020  14:58:23"
RR89218,2,Q&A,"test ques",None,None,None,None,None,None,nvbnv,None,"20-10-2020  14:58:23"
RR89218,2,Q&A,yyyy,None,None,None,None,None,None,uyuyuy,None,"20-10-2020  14:58:23"
RR89218,2,Words,None,anger1,peace,E,top,bottom,E,Success,1.814,"20-10-2020  14:58:23"
RR89218,2,Words,None,Shot,Cars,E,top,bottom,E,Success,1.749,"20-10-2020  14:58:23"
RR89218,2,Words,None,anger1,peace,E,top,bottom,E,Success,1.604,"20-10-2020  14:58:23"
RR89218,2,Words,None,Shot,Cars,F,bottom,top,F,Success,1.605,"20-10-2020  14:58:23"
RR89218,2,Words,None,Shot,Cars,E,bottom,top,E,Success,1.775,"20-10-2020  14:58:23"
RR89218,3,Q&A,nbvnbvnbvnb,None,None,None,None,None,None,nbvbn,None,"20-10-2020  14:59:44"
RR89218,3,Q&A,yyyy,None,None,None,None,None,None,uyuyuy,None,"20-10-2020  14:59:44"
RR89218,3,Q&A,check,None,None,None,None,None,None,xcv,None,"20-10-2020  14:59:44"
RR89218,3,Q&A,vnbvnv,None,None,None,None,None,None,cnvbn,None,"20-10-2020  14:59:44"
RR89218,3,Q&A,"test ques",None,None,None,None,None,None,nvbnv,None,"20-10-2020  14:59:44"
RR89218,3,Q&A,yyyy,None,None,None,None,None,None,uyuyuy,None,"20-10-2020  14:59:44"
RR89218,3,Words,None,anger1,peace,E,top,bottom,E,Success,1.763,"20-10-2020  14:59:44"
RR89218,3,Q&A,nbvnbvnbvnb,None,None,None,None,None,None,nbvbn,None,"20-10-2020  14:59:44"
RR89218,3,Q&A,yyyy,None,None,None,None,None,None,uyuyuy,None,"20-10-2020  14:59:44"
RR89218,3,Q&A,check,None,None,None,None,None,None,xcv,None,"20-10-2020  14:59:44"
RR89218,3,Q&A,vnbvnv,None,None,None,None,None,None,cnvbn,None,"20-10-2020  14:59:44"
RR89218,3,Q&A,"test ques",None,None,None,None,None,None,nvbnv,None,"20-10-2020  14:59:44"
RR89218,3,Q&A,yyyy,None,None,None,None,None,None,uyuyuy,None,"20-10-2020  14:59:44"
RR89218,3,Words,None,Shot,Cars,E,top,bottom,E,Success,2.089,"20-10-2020  14:59:44"
RR89218,3,Words,None,Shot,Cars,F,top,bottom,F,Success,1.853,"20-10-2020  14:59:44"
RR89218,3,Words,None,Shot,Cars,E,top,bottom,E,Success,1.662,"20-10-2020  14:59:44"
RR89218,3,Words,None,anger1,peace,E,top,bottom,E,Success,1.826,"20-10-2020  14:59:44"
RR89218,3,Words,None,Shot,Cars,F,top,bottom,F,Success,1.492,"20-10-2020  14:59:44"
RR89218,4,Q&A,nbvnbvnbvnb,None,None,None,None,None,None,nbvbn,None,"20-10-2020  15:02:03"
RR89218,4,Q&A,yyyy,None,None,None,None,None,None,uyuyuy,None,"20-10-2020  15:02:03"
RR89218,4,Q&A,check,None,None,None,None,None,None,xcv,None,"20-10-2020  15:02:03"
RR89218,4,Q&A,vnbvnv,None,None,None,None,None,None,cnvbn,None,"20-10-2020  15:02:03"
RR89218,4,Q&A,"test ques",None,None,None,None,None,None,nvbnv,None,"20-10-2020  15:02:03"
RR89218,4,Q&A,yyyy,None,None,None,None,None,None,uyuyuy,None,"20-10-2020  15:02:03"
RR89218,4,Words,None,Shot,Cars,E,bottom,top,E,Success,2.23,"20-10-2020  15:02:03"
RR89218,4,Words,None,anger1,peace,E,top,bottom,E,Success,1.941,"20-10-2020  15:02:03"
RR89218,4,Words,None,Shot,Cars,F,top,bottom,F,Success,1.71,"20-10-2020  15:02:03"
RR89218,4,Words,None,Shot,Cars,F,bottom,top,F,Success,1.847,"20-10-2020  15:02:03"
RR89218,4,Words,None,Shot,Cars,E,bottom,top,E,Success,1.704,"20-10-2020  15:02:03"
RR89218,9,Q&A,vbvbv,None,None,None,None,None,None,jhj,None,"20-10-2020  15:03:34"
RR89218,9,Q&A,vbvbv,None,None,None,None,None,None,jhj,None,"20-10-2020  15:03:34"
RR89218,9,Q&A,vbnvnbvn,None,None,None,None,None,None,Ccv,None,"20-10-2020  15:03:34"
RR89218,9,Words,None,Shot,Cars,F,top,bottom,F,Success,2.001,"20-10-2020  15:03:34"
RR89218,9,Words,None,anger1,peace,E,top,bottom,E,Success,1.756,"20-10-2020  15:03:34"
RR89218,9,Words,None,Shot,Cars,E,top,bottom,E,Success,1.768,"20-10-2020  15:03:34"
RR89218,9,Words,None,anger1,peace,E,top,bottom,E,Success,1.619,"20-10-2020  15:03:34"
RR89218,9,Words,None,Shot,Cars,F,bottom,top,F,Success,1.567,"20-10-2020  15:03:34"
RR89218,17,Q&A,vbvbv,None,None,None,None,None,None,jhj,None,"20-10-2020  15:06:36"
RR89218,17,Q&A,vbvbv,None,None,None,None,None,None,jhj,None,"20-10-2020  15:06:36"
RR89218,17,Q&A,vbnvnbvn,None,None,None,None,None,None,Gccyf,None,"20-10-2020  15:06:36"
RR89218,17,Words,None,anger1,peace,E,top,bottom,E,Success,2.197,"20-10-2020  15:06:36"
RR89218,17,Q&A,"Are trees green?",None,None,None,None,None,None,yes,None,"20-10-2020  15:06:36"
RR89218,17,Q&A,vbvbv,None,None,None,None,None,None,jhj,None,"20-10-2020  15:06:36"
RR89218,17,Q&A,vbvbv,None,None,None,None,None,None,jhj,None,"20-10-2020  15:06:36"
RR89218,17,Q&A,vbnvnbvn,None,None,None,None,None,None,Hh,None,"20-10-2020  15:06:36"
RR89218,17,Words,None,gun,look,E,bottom,top,E,Success,1.97,"20-10-2020  15:06:36"
RR89218,17,Words,None,anger1,peace,E,top,bottom,E,Success,1.874,"20-10-2020  15:06:36"
RR89218,17,Words,None,Wound,Dried,F,top,bottom,F,Success,1.544,"20-10-2020  15:06:36"
RR89218,17,Words,None,test1,w2,F,top,bottom,F,Success,1.583,"20-10-2020  15:06:36"
RR89218,17,Words,None,gun,look,E,bottom,top,E,Success,2.22,"20-10-2020  15:06:36"
RR89218,17,Q&A,"Are trees green?",None,None,None,None,None,None,yes,None,"20-10-2020  15:06:36"
RR89218,17,Q&A,"Is the sky blue?",None,None,None,None,None,None,yes,None,"20-10-2020  15:06:36"
