PID,Day,Type,Question,ThreatWord,NeutralWord,Probe,ThreatPosition,ProbePosition,ProbeSelected,Response,ResponseTime,created_at
RR38402,0,Q&A,"??????? u know",None,None,None,None,None,None,Wat,None,1602772074406
RR38402,1,Words,None,get,out,E,top,bottom,E,Success,2.401,1602772139130
RR38402,1,Words,None,get,out,E,bottom,top,E,Success,2.538,1602772139130
RR38402,1,Words,None,get,out,F,top,bottom,F,Success,2.134,1602772139130
RR38402,1,Words,None,get,out,E,bottom,top,E,Success,2.278,1602772139130
RR38402,1,Words,None,get,out,F,top,bottom,F,Success,2.313,1602772139130
RR38402,1,Words,None,get,out,F,bottom,top,F,Success,2.662,1602772139130
RR38402,1,Words,None,get,out,E,bottom,top,E,Success,2.307,1602772139130
RR38402,1,Words,None,get,out,F,bottom,top,F,Success,2.009,1602772139130
RR38402,1,Words,None,get,out,E,bottom,top,E,Success,2.176,1602772139130
RR38402,1,Words,None,get,out,F,bottom,top,F,Success,2.07,1602772139130
RR38402,2,Words,None,AMLA,CANDY,E,top,bottom,E,Success,2.398,1602773316111
RR38402,2,Words,None,AMLA,CANDY,F,top,bottom,F,Success,3.29,1602773316111
RR38402,2,Words,None,AMLA,CANDY,E,bottom,top,E,Success,2.083,1602773316111
RR38402,2,Words,None,AMLA,CANDY,F,bottom,top,F,Success,2.024,1602773316111
RR38402,2,Words,None,AMLA,CANDY,E,top,bottom,E,Success,2.487,1602773316111
RR38402,2,Words,None,AMLA,CANDY,E,bottom,top,E,Success,2.525,1602773316111
RR38402,2,Words,None,AMLA,CANDY,E,top,bottom,E,Success,2.261,1602773316111
RR38402,2,Words,None,AMLA,CANDY,F,top,bottom,F,Success,2.219,1602773316111
RR38402,2,Words,None,AMLA,CANDY,E,top,bottom,E,Success,2.725,1602773316111
RR38402,2,Words,None,AMLA,CANDY,F,top,bottom,F,Success,2.784,1602773316111
RR38402,3,Words,None,Shot,Cars,F,bottom,top,F,Success,2.207,1602774137657
RR38402,3,Words,None,AMLA,CANDY,F,bottom,top,F,Success,1.885,1602774137657
RR38402,3,Words,None,AMLA,CANDY,E,top,bottom,E,Success,2.311,1602774137657
RR38402,3,Words,None,AMLA,CANDY,F,top,bottom,F,Success,1.975,1602774137657
RR38402,3,Words,None,Shot,Cars,E,bottom,top,E,Success,2.066,1602774137657
RR38402,3,Words,None,AMLA,CANDY,E,bottom,top,E,Success,1.881,1602774137657
RR38402,3,Words,None,Shot,Cars,E,bottom,top,E,Success,1.995,1602774137657
RR38402,3,Words,None,Shot,Cars,E,top,bottom,E,Success,2.207,1602774137657
RR38402,3,Words,None,Shot,Cars,F,top,bottom,F,Success,2.265,1602774137657
RR38402,3,Words,None,AMLA,CANDY,E,bottom,top,E,Success,1.934,1602774137657
RR38402,4,Words,None,Shot,Cars,E,top,bottom,E,Success,2.281,1602774207986
RR38402,4,Words,None,AMLA,CANDY,F,bottom,top,F,Success,1.913,1602774207986
RR38402,4,Words,None,Shot,Cars,E,top,bottom,E,Success,2.378,1602774207986
RR38402,4,Words,None,Shot,Cars,F,top,bottom,F,Success,1.99,1602774207986
RR38402,4,Words,None,AMLA,CANDY,F,top,bottom,F,Success,2.176,1602774207986
RR38402,4,Words,None,AMLA,CANDY,E,bottom,top,E,Success,2.265,1602774207986
RR38402,4,Words,None,AMLA,CANDY,E,top,bottom,E,Success,4.431,1602774207986
RR38402,4,Words,None,Shot,Cars,E,top,bottom,E,Success,2.268,1602774207986
RR38402,4,Words,None,Shot,Cars,E,bottom,top,E,Success,2.067,1602774207986
RR38402,4,Words,None,AMLA,CANDY,E,top,bottom,E,Success,2.077,1602774207986
RR38402,5,Words,None,AMLA,CANDY,E,top,bottom,E,Success,2.273,1602774274631
RR38402,5,Words,None,Shot,Cars,E,bottom,top,E,Success,2.168,1602774274631
RR38402,5,Words,None,Shot,Cars,F,bottom,top,F,Success,1.957,1602774274631
RR38402,5,Words,None,AMLA,CANDY,F,top,bottom,F,Success,1.869,1602774274631
RR38402,5,Words,None,Shot,Cars,E,bottom,top,E,Success,2.159,1602774274631
RR38402,5,Words,None,AMLA,CANDY,F,bottom,top,F,Success,1.921,1602774274631
RR38402,5,Words,None,Shot,Cars,E,bottom,top,E,Success,2.133,1602774274631
RR38402,5,Words,None,AMLA,CANDY,F,bottom,top,F,Success,2.132,1602774274631
RR38402,5,Words,None,Shot,Cars,E,top,bottom,E,Success,2.158,1602774274631
RR38402,5,Words,None,AMLA,CANDY,F,bottom,top,F,Success,1.979,1602774274631
RR38402,6,Words,None,AMLA,CANDY,E,top,bottom,E,Success,2.147,1602774345178
RR38402,6,Words,None,Shot,Cars,E,top,bottom,E,Success,2.113,1602774345178
RR38402,6,Words,None,AMLA,CANDY,F,bottom,top,F,Success,1.853,1602774345178
RR38402,6,Words,None,Shot,Cars,E,top,bottom,E,Success,2.187,1602774345178
RR38402,6,Words,None,AMLA,CANDY,F,top,bottom,F,Success,2.066,1602774345178
RR38402,6,Words,None,AMLA,CANDY,F,bottom,top,F,Success,2.089,1602774345178
RR38402,6,Words,None,AMLA,CANDY,E,top,bottom,E,Success,2.506,1602774345178
RR38402,6,Words,None,Shot,Cars,F,top,bottom,F,Success,1.862,1602774345178
RR38402,6,Words,None,AMLA,CANDY,E,bottom,top,E,Success,2.269,1602774345178
RR38402,6,Words,None,AMLA,CANDY,E,top,bottom,E,Success,2.519,1602774345178
RR38402,7,Words,None,Shot,Cars,E,bottom,top,E,Success,2.017,1602774411440
RR38402,7,Words,None,Shot,Cars,F,bottom,top,F,Success,1.979,1602774411440
RR38402,7,Words,None,AMLA,CANDY,E,top,bottom,E,Success,2.444,1602774411440
RR38402,7,Words,None,AMLA,CANDY,F,top,bottom,F,Success,1.964,1602774411440
RR38402,7,Words,None,Shot,Cars,E,bottom,top,E,Success,2.091,1602774411440
RR38402,7,Words,None,Shot,Cars,F,bottom,top,F,Success,1.964,1602774411440
RR38402,7,Words,None,Shot,Cars,E,bottom,top,E,Success,1.85,1602774411440
RR38402,7,Words,None,Shot,Cars,F,bottom,top,F,Success,1.956,1602774411440
RR38402,7,Words,None,AMLA,CANDY,F,top,bottom,F,Success,2.102,1602774411440
RR38402,7,Words,None,AMLA,CANDY,E,top,bottom,E,Success,2.431,1602774411440
RR38402,8,Words,None,AMLA,CANDY,F,top,bottom,F,Success,1.952,1602774479612
RR38402,8,Words,None,Shot,Cars,E,top,bottom,E,Success,2.091,1602774479612
RR38402,8,Words,None,Shot,Cars,F,top,bottom,F,Success,2.008,1602774479612
RR38402,8,Words,None,Shot,Cars,F,bottom,top,F,Success,2.304,1602774479612
RR38402,8,Words,None,Shot,Cars,F,top,bottom,F,Success,2.176,1602774479612
RR38402,8,Words,None,Shot,Cars,F,bottom,top,F,Success,2.109,1602774479612
RR38402,8,Words,None,AMLA,CANDY,F,bottom,top,F,Success,1.976,1602774479612
RR38402,8,Words,None,Shot,Cars,E,top,bottom,E,Success,2.81,1602774479612
RR38402,8,Words,None,Shot,Cars,E,bottom,top,E,Success,2.153,1602774479612
RR38402,8,Words,None,Shot,Cars,E,top,bottom,E,Success,2.164,1602774479612
RR38402,9,Words,None,Wound,Dried,F,bottom,top,F,Success,2.214,1602774536958
RR38402,9,Words,None,get,out,F,top,bottom,F,Success,1.894,1602774536958
RR38402,9,Words,None,Devil,Heaven,E,top,bottom,E,Success,2.167,1602774536958
RR38402,9,Words,None,Evil,Love,E,bottom,top,E,Success,2.337,1602774536958
RR38402,9,Words,None,get,out,E,top,bottom,E,Success,2.31,1602774536958
RR38402,9,Words,None,Wound,Dried,E,top,bottom,E,Success,2.159,1602774536958
RR38402,9,Words,None,Evil,Love,E,bottom,top,E,Success,2.083,1602774536958
RR38402,9,Words,None,Attacks,Physics,F,bottom,top,F,Success,2.024,1602774536958
RR38402,9,Words,None,Evil,Love,E,bottom,top,E,Success,2.171,1602774536958
RR38402,9,Words,None,Attacks,Physics,E,top,bottom,E,Success,2.437,1602774536958
RR38402,10,Words,None,Shot,Cars,E,bottom,top,E,Success,1.871,1602774601079
RR38402,10,Words,None,Shot,Cars,F,top,bottom,F,Success,2.128,1602774601079
RR38402,10,Words,None,Shot,Cars,E,bottom,top,E,Success,2.259,1602774601079
RR38402,10,Words,None,Shot,Cars,F,top,bottom,F,Success,2.178,1602774601079
RR38402,10,Words,None,Shot,Cars,E,bottom,top,E,Success,1.979,1602774601079
RR38402,10,Words,None,Shot,Cars,F,top,bottom,F,Success,7.289,1602774601079
RR38402,10,Words,None,Shot,Cars,E,bottom,top,E,Success,2.721,1602774601079
RR38402,10,Words,None,Shot,Cars,F,top,bottom,F,Success,1.942,1602774601079
RR38402,10,Words,None,Shot,Cars,E,bottom,top,E,Success,2.199,1602774601079
RR38402,10,Words,None,Shot,Cars,F,top,bottom,F,Success,2.316,1602774601079
RR38402,11,Words,None,Shot,Cars,E,bottom,top,E,Success,2.137,1602774697456
RR38402,11,Words,None,Shot,Cars,F,top,bottom,F,Success,1.922,1602774697456
RR38402,11,Words,None,Shot,Cars,E,bottom,top,E,Success,5.459,1602774697456
RR38402,11,Words,None,Shot,Cars,F,top,bottom,F,Success,7.2,1602774697456
RR38402,11,Words,None,Shot,Cars,E,bottom,top,E,Success,2.188,1602774697456
RR38402,11,Words,None,Shot,Cars,F,top,bottom,F,Success,2.325,1602774697456
RR38402,11,Words,None,Shot,Cars,E,bottom,top,E,Success,2.031,1602774697456
RR38402,11,Words,None,Shot,Cars,F,top,bottom,F,Success,1.991,1602774697456
RR38402,11,Words,None,Shot,Cars,E,bottom,top,E,Success,2.015,1602774697456
RR38402,11,Words,None,Shot,Cars,F,top,bottom,F,Success,2.864,1602774697456
