PID,Day,Type,Question,ThreatWord,NeutralWord,Probe,ThreatPosition,ProbePosition,ProbeSelected,Response,ResponseTime,created_at
RR17697,0,Q&A,"what is your name?",None,None,None,None,None,None,Rupal,None,1602483912695
RR17697,4,Words,None,Kill,Shop,F,top,top,F,Success,4.323,1602497902410
RR17697,4,Words,None,Lost,Read,E,top,top,F,Failure,2.082,1602497902410
RR17697,4,Words,None,Severe,Recall,E,top,top,F,Failure,1.888,1602497902410
RR17697,6,Words,None,Lost,Read,E,top,top,E,Success,1.814,1602498322570
RR17697,6,Words,None,Kill,Shop,F,top,top,F,Success,1.642,1602498322570
RR17697,6,Words,None,Lost,Read,E,top,top,E,Success,1.516,1602498322570
RR17697,8,Words,None,Kill,Shop,F,top,top,F,Success,1.846,1602499586909
RR17697,8,Words,None,Shot,Cars,F,top,top,F,Success,1.974,1602499586909
RR17697,8,Words,None,Lost,Read,E,top,top,F,Failure,8.02,1602499586909
