PID,Day,Type,Question,ThreatWord,NeutralWord,Probe,ThreatPosition,ProbePosition,ProbeSelected,Response,ResponseTime,created_at
RR14160,0,Q&A,"what is your name?",None,None,None,None,None,None,Vishal,None,1602496883336
RR14160,2,Q&A,"what is your plan for today??",None,None,None,None,None,None,nothing,None,1602497173222
RR14160,2,Words,None,Shot,Cars,F,top,top,F,Success,2.619,1602497173222
RR14160,2,Words,None,Severe,Recall,E,top,top,E,Success,1.619,1602497173222
RR14160,2,Words,None,Lost,Read,E,top,top,E,Success,2.272,1602497173222
