PID,Day,Type,Question,ThreatWord,NeutralWord,Probe,ThreatPosition,ProbePosition,ProbeSelected,Response,ResponseTime,created_at
RR37762,0,Q&A,"??????? u know",None,None,None,None,None,None,Yeah,None,1602842417561
RR37762,1,Words,None,get,out,E,bottom,top,E,Success,2.175,1602842470223
RR37762,1,Words,None,Wound,Dried,F,bottom,top,F,Success,1.972,1602842470223
RR37762,1,Words,None,get,out,E,top,bottom,E,Success,2.186,1602842470223
RR37762,1,Words,None,Devil,Heaven,E,top,bottom,E,Success,2.09,1602842470223
RR37762,1,Words,None,Evil,Love,E,bottom,top,E,Success,2.014,1602842470223
RR37762,1,Words,None,Wound,Dried,F,bottom,top,F,Success,1.928,1602842470223
RR37762,1,Words,None,Attacks,Physics,E,top,bottom,E,Success,2.13,1602842470223
RR37762,1,Words,None,Wound,Dried,F,top,bottom,F,Success,2.036,1602842470223
RR37762,1,Words,None,Wound,Dried,E,bottom,top,E,Success,1.977,1602842470223
RR37762,1,Words,None,Evil,Love,E,bottom,top,E,Success,4.421,1602842470223
RR37762,2,Words,None,AMLA,CANDY,E,top,bottom,E,Success,2.233,1602842544554
RR37762,2,Words,None,DANGER,LEAGUE,E,top,bottom,E,Success,2.027,1602842544554
RR37762,2,Words,None,Shot,Cars,E,bottom,top,E,Success,1.994,1602842544554
RR37762,2,Words,None,Shot,Cars,F,bottom,top,F,Success,1.936,1602842544554
RR37762,2,Words,None,ENEMY,CHECK,E,bottom,top,E,Success,2.01,1602842544554
RR37762,2,Words,None,DAMAGE,CAMPUS,F,top,bottom,F,Success,1.98,1602842544554
RR37762,2,Words,None,ENEMY,CHECK,E,bottom,top,E,Success,2.121,1602842544554
RR37762,2,Words,None,Evil,Hill,F,top,bottom,F,Success,2.024,1602842544554
RR37762,2,Words,None,Shot,Cars,F,bottom,top,F,Success,1.989,1602842544554
RR37762,2,Words,None,Evil,Hill,F,bottom,top,F,Success,2.102,1602842544554
RR37762,3,Words,None,Evil,Hill,E,top,bottom,E,Success,2.167,1602842665853
RR37762,3,Words,None,AMLA,CANDY,E,bottom,top,E,Success,1.929,1602842665853
RR37762,3,Words,None,ENEMY,CHECK,F,bottom,top,F,Success,1.992,1602842665853
RR37762,3,Words,None,ENEMY,CHECK,E,bottom,top,E,Success,2.035,1602842665853
RR37762,3,Words,None,DANGER,LEAGUE,F,bottom,top,F,Success,2.068,1602842665853
RR37762,3,Words,None,Shot,Cars,F,top,bottom,F,Success,2.084,1602842665853
RR37762,3,Words,None,ENEMY,CHECK,E,bottom,top,E,Success,2.093,1602842665853
RR37762,3,Words,None,ENEMY,CHECK,E,top,bottom,E,Success,1.963,1602842665853
RR37762,3,Words,None,DAMAGE,CAMPUS,F,top,bottom,F,Success,1.994,1602842665853
RR37762,3,Words,None,DAMAGE,CAMPUS,F,bottom,top,E,Failure,2.458,1602842665853
