PID,Day,Type,Question,ThreatWord,NeutralWord,Probe,ThreatPosition,ProbePosition,ProbeSelected,Response,ResponseTime,created_at
RR29489,0,Q&A,"??????? u know",None,None,None,None,None,None,What?,None,1602778232554
RR29489,1,Words,None,Wound,Dried,E,bottom,top,E,Success,3.634,1602778303183
RR29489,1,Words,None,Wound,Dried,F,bottom,top,F,Success,2.379,1602778303183
RR29489,1,Words,None,Wound,Dried,E,bottom,top,E,Success,2.105,1602778303183
RR29489,1,Words,None,Evil,Love,E,bottom,top,E,Success,1.967,1602778303183
RR29489,1,Words,None,Devil,Heaven,E,top,bottom,E,Success,2.034,1602778303183
RR29489,1,Words,None,Attacks,Physics,F,bottom,top,F,Success,1.946,1602778303183
RR29489,1,Words,None,get,out,E,top,bottom,E,Success,1.969,1602778303183
RR29489,1,Words,None,get,out,F,top,bottom,F,Success,2.012,1602778303183
RR29489,1,Words,None,Wound,Dried,F,top,bottom,F,Success,1.86,1602778303183
RR29489,1,Words,None,Evil,Love,E,bottom,top,E,Success,1.927,1602778303183
RR29489,2,Words,None,DAMAGE,CAMPUS,E,top,bottom,E,Success,2.256,1602778420590
RR29489,2,Words,None,ENEMY,CHECK,F,top,bottom,F,Success,1.998,1602778420590
RR29489,2,Words,None,ENEMY,CHECK,E,top,bottom,E,Success,1.965,1602778420590
RR29489,2,Words,None,ENEMY,CHECK,E,bottom,top,E,Success,1.781,1602778420590
RR29489,2,Words,None,AMLA,CANDY,F,bottom,top,F,Success,1.959,1602778420590
RR29489,2,Words,None,AMLA,CANDY,E,top,bottom,E,Success,2.048,1602778420590
RR29489,2,Words,None,AMLA,CANDY,E,bottom,top,E,Success,1.82,1602778420590
RR29489,2,Words,None,Evil,Hill,E,top,bottom,E,Success,1.798,1602778420590
RR29489,2,Words,None,Victims,Hill,E,top,bottom,E,Success,2.177,1602778420590
RR29489,2,Words,None,Victims,Hill,E,bottom,top,E,Success,1.868,1602778420590
RR29489,3,Words,None,AMLA,CANDY,E,bottom,top,E,Success,2.268,1602778602092
RR29489,3,Words,None,AMLA,CANDY,E,top,bottom,E,Success,2.211,1602778602092
RR29489,3,Words,None,Evil,Hill,F,bottom,top,F,Success,2.132,1602778602092
RR29489,3,Words,None,Evil,Hill,E,top,bottom,E,Success,2.901,1602778602092
RR29489,3,Words,None,DAMAGE,CAMPUS,E,bottom,top,E,Success,1.879,1602778602092
RR29489,3,Words,None,Evil,Hill,E,top,bottom,E,Success,2.244,1602778602092
RR29489,3,Words,None,Shot,Cars,F,bottom,top,F,Success,2.244,1602778602092
