PID,Day,Type,Question,ThreatWord,NeutralWord,Probe,ThreatPosition,ProbePosition,ProbeSelected,Response,ResponseTime,created_at
RR19132,0,Q&A,working,None,None,None,None,None,None,Yes,None,1602258475364
RR19132,1,Words,None,Wound,Dried,E,top,top,E,Success,1.506,1602258491452
RR19132,2,Words,None,Kill,Shop,F,top,top,F,Success,1.729,1602258519134
RR19132,3,Words,None,Kill,Shop,F,top,top,F,Success,1.767,1602258635324
RR19132,4,Words,None,Kill,Shop,F,top,top,F,Success,5.253,1602258869946
RR19132,5,Words,None,Shot,Cars,F,top,top,F,Success,4.46,1602258991919
RR19132,6,Words,None,Kill,Shop,F,top,top,F,Success,17.334,1602259225710
RR19132,7,Words,None,Severe,Recall,E,top,top,E,Success,1.593,1602260251699
